domain,domain_full,year,vulnerable_pct
Communication,Communication skills and general knowledge,2009,9.2
Communication,Communication skills and general knowledge,2012,9.0
Communication,Communication skills and general knowledge,2015,8.5
Communication,Communication skills and general knowledge,2018,8.2
Communication,Communication skills and general knowledge,2021,8.4
Communication,Communication skills and general knowledge,2024,8.9
Emotional maturity,Emotional maturity,2009,8.9
Emotional maturity,Emotional maturity,2012,7.6
Emotional maturity,Emotional maturity,2015,8.4
Emotional maturity,Emotional maturity,2018,8.4
Emotional maturity,Emotional maturity,2021,8.5
Emotional maturity,Emotional maturity,2024,10.0
Language & thinking,Language and cognitive skills (school-based),2009,8.9
Language & thinking,Language and cognitive skills (school-based),2012,6.8
Language & thinking,Language and cognitive skills (school-based),2015,6.5
Language & thinking,Language and cognitive skills (school-based),2018,6.6
Language & thinking,Language and cognitive skills (school-based),2021,7.3
Language & thinking,Language and cognitive skills (school-based),2024,7.7
Physical health,Physical health and wellbeing,2009,9.3
Physical health,Physical health and wellbeing,2012,9.3
Physical health,Physical health and wellbeing,2015,9.7
Physical health,Physical health and wellbeing,2018,9.6
Physical health,Physical health and wellbeing,2021,9.8
Physical health,Physical health and wellbeing,2024,10.0
Social competence,Social competence,2009,9.5
Social competence,Social competence,2012,9.3
Social competence,Social competence,2015,9.9
Social competence,Social competence,2018,9.8
Social competence,Social competence,2021,9.6
Social competence,Social competence,2024,10.7
