area,group,year,on_track_pct
NSW,Most disadvantaged,2021,44.2
NSW,Most disadvantaged,2024,43.6
NSW,Least disadvantaged,2021,63.4
NSW,Least disadvantaged,2024,61.8
VIC,Most disadvantaged,2021,43.1
VIC,Most disadvantaged,2024,40.8
VIC,Least disadvantaged,2021,66.8
VIC,Least disadvantaged,2024,63.0
QLD,Most disadvantaged,2021,40.1
QLD,Most disadvantaged,2024,40.0
QLD,Least disadvantaged,2021,61.3
QLD,Least disadvantaged,2024,60.8
SA,Most disadvantaged,2021,42.5
SA,Most disadvantaged,2024,41.3
SA,Least disadvantaged,2021,65.0
SA,Least disadvantaged,2024,61.1
WA,Most disadvantaged,2021,44.7
WA,Most disadvantaged,2024,39.7
WA,Least disadvantaged,2021,67.0
WA,Least disadvantaged,2024,62.0
TAS,Most disadvantaged,2021,43.3
TAS,Most disadvantaged,2024,40.5
TAS,Least disadvantaged,2021,67.3
TAS,Least disadvantaged,2024,60.7
NT,Most disadvantaged,2021,17.2
NT,Most disadvantaged,2024,17.8
NT,Least disadvantaged,2021,51.0
NT,Least disadvantaged,2024,48.9
ACT,Most disadvantaged,2021,29.4
ACT,Most disadvantaged,2024,30.9
ACT,Least disadvantaged,2021,52.5
ACT,Least disadvantaged,2024,46.9
Australia,Most disadvantaged,2021,42.5
Australia,Most disadvantaged,2024,41.2
Australia,Least disadvantaged,2021,63.7
Australia,Least disadvantaged,2024,61.1
