age_group,age_order,rating,rating_order,pct_raw,pct,moe
2–5,0,Very good,0,46.3,46.1,5.9
2–5,0,Good,1,40.4,40.2,6.8
2–5,0,Fair,2,9.8,9.8,3.4
2–5,0,Poor / very poor,3,4,4.0,2.9
5–8,1,Very good,0,38.8,48.0,5.1
5–8,1,Good,1,32,39.6,4.9
5–8,1,Fair,2,7.2,8.9,3.2
5–8,1,Poor / very poor,3,2.8,3.5,1.7
9–11,2,Very good,0,38.9,39.2,7.1
9–11,2,Good,1,47.8,48.1,6.4
9–11,2,Fair,2,9.1,9.2,3.1
9–11,2,Poor / very poor,3,3.5,3.5,2.6
12–14,3,Very good,0,29.1,29.3,6.8
12–14,3,Good,1,52.4,52.8,5.8
12–14,3,Fair,2,12.7,12.8,5.1
12–14,3,Poor / very poor,3,5,5.0,3.2
15–17,4,Very good,0,21,21.5,4.8
15–17,4,Good,1,53.5,54.8,5.2
15–17,4,Fair,2,15.7,16.1,5.1
15–17,4,Poor / very poor,3,7.5,7.7,3.3
