LGA_CODE24,lon,lat
10050,147.006,-36.018
10180,151.969,-30.371
10250,153.464,-28.851
10300,143.705,-33.821
10470,149.553,-33.292
10500,151.145,-33.944
10550,149.724,-36.674
10600,152.724,-30.39
10650,145.779,-35.752
10750,150.866,-33.737
10800,146.978,-33.925
10850,149.148,-33.58
10900,150.407,-33.686
10950,146.917,-31.584
11150,145.382,-29.849
11200,146.976,-29.862
11250,141.478,-31.942
11300,151.103,-33.884
11350,153.485,-28.586
11400,148.762,-33.15
11450,150.726,-34.009
11500,150.848,-34.098
11520,151.101,-33.856
11570,151.015,-33.922
11600,145.6,-33.532
11650,151.263,-33.286
11700,143.486,-31.758
11720,151.225,-32.93
11730,152.76,-29.717
11750,145.457,-31.847
11800,153.024,-30.236
12000,147.11,-34.678
12150,148.303,-30.86
12160,148.101,-34.931
12350,148.711,-33.783
12380,150.966,-33.832
12390,148.863,-32.399
12700,151.629,-32.37
12730,145.147,-35.228
12750,149.921,-35.965
12850,150.897,-33.868
12870,146.264,-35.671
12900,147.856,-33.45
12930,151.087,-33.964
12950,148.691,-31.632
13010,151.903,-29.714
13310,149.784,-34.898
13340,147.185,-35.746
13450,145.998,-34.302
13550,150.269,-31.012
13660,150.485,-29.449
13800,150.773,-33.286
13850,144.807,-34.452
13910,148.442,-34.392
14000,151.08,-33.639
14100,151.137,-33.831
14170,151.155,-33.895
14220,151.16,-29.605
14300,147.674,-34.814
14350,152.502,-30.945
14400,150.791,-34.699
14500,151.145,-33.733
14550,152.714,-28.623
14600,147.07,-32.776
14650,151.508,-33.025
14700,151.165,-33.817
14750,146.327,-34.541
14850,153.268,-28.721
14870,150.172,-33.234
14900,150.812,-33.916
14920,150.526,-31.606
14950,146.688,-35.313
15050,151.547,-32.71
15240,152.106,-31.969
15270,149.731,-32.607
15300,149.646,-29.191
15350,151.242,-33.83
15520,143.801,-34.949
15560,145.825,-34.937
15650,150.512,-32.559
15700,152.8,-30.7
15750,149.549,-30.342
15800,146.68,-34.695
15850,148.066,-32.187
15900,151.676,-32.885
15950,151.21,-33.831
15990,151.234,-33.685
16100,149.777,-33.901
16150,149.111,-33.326
16200,147.922,-32.9
16260,151.028,-33.8
16350,150.716,-33.789
16380,152.568,-31.407
16400,151.849,-32.74
16490,149.635,-35.422
16550,151.245,-33.939
16610,153.007,-29.065
16700,151.111,-33.8
16900,150.729,-34.579
16950,150.403,-34.999
17000,150.956,-32.671
17040,148.875,-36.517
17080,148.241,-35.583
17100,151.079,-33.878
17150,150.999,-34.08
17200,151.199,-33.892
17310,150.907,-30.889
17350,147.516,-34.41
17400,152.182,-29.07
17420,150.961,-33.64
17550,153.332,-28.365
17620,151.101,-31.898
17640,149.407,-34.358
17650,151.312,-30.534
17750,147.471,-35.228
17850,151.774,-31.179
17900,148.176,-29.792
17950,147.847,-31.516
18020,149.47,-31.463
18050,151.261,-33.899
18100,148.052,-33.875
18200,142.334,-33.631
18250,151.197,-33.802
18350,150.364,-34.47
18400,150.45,-34.069
18450,150.816,-34.396
18500,151.254,-33.88
18710,148.841,-34.989
19399,141.948,-30.117
20110,146.913,-36.764
20260,142.852,-37.474
20570,143.734,-37.449
20660,145.101,-37.722
20740,145.577,-38.505
20830,146.022,-38.052
20910,145.019,-37.943
21010,146.024,-36.584
21110,145.064,-37.817
21180,144.804,-37.75
21270,143.015,-35.925
21370,144.835,-36.325
21450,145.573,-38.079
21610,145.309,-38.107
21670,143.737,-37.078
21750,143.602,-38.493
21830,143.227,-38.119
21890,145.009,-37.73
22110,148.155,-37.316
22170,145.175,-38.132
22250,143.843,-35.712
22310,145.049,-37.908
22410,141.377,-37.886
22490,143.731,-37.842
22620,144.325,-36.754
22670,145.185,-38.007
22750,144.357,-37.959
22830,145.386,-36.378
22910,143.987,-37.373
22980,141.743,-36.109
23110,144.835,-37.846
23190,142.082,-36.831
23270,144.839,-37.591
23350,146.688,-36.229
23430,145.106,-37.985
23670,145.252,-37.884
23810,146.434,-38.295
23940,143.877,-36.357
24130,144.611,-37.333
24210,145.177,-37.771
24250,146.218,-37.212
24330,144.878,-37.797
24410,145.27,-37.801
24600,144.951,-37.806
24650,144.629,-37.689
24700,144.952,-37.725
24780,141.611,-34.876
24850,144.995,-37.099
24900,145.492,-36.007
24970,145.144,-37.892
25060,144.904,-37.744
25150,144.216,-37.616
25340,145.091,-38.313
25430,144.158,-37.038
25490,142.607,-38.098
25620,145.622,-37.305
25710,145.237,-37.622
25810,142.92,-36.838
25900,144.967,-37.845
25990,143.441,-37.387
26080,144.627,-38.267
26170,146.038,-38.57
26260,142.022,-37.555
26350,145.028,-37.852
26430,145.443,-36.785
26490,144.049,-38.293
26610,143.027,-34.973
26670,147.599,-36.347
26700,146.428,-36.561
26730,142.479,-38.351
26810,146.933,-37.875
26890,141.315,-36.828
26980,145.155,-37.83
27070,145.068,-37.555
27170,146.87,-36.168
27260,144.618,-37.899
27350,144.987,-37.797
27450,145.643,-37.754
27630,142.419,-36.007
29399,145.347,-38.359
30250,141.775,-13.584
30300,148.116,-28.327
30370,150.046,-25.016
30410,145.722,-23.075
30450,142.417,-24.993
30760,145.681,-24.808
30900,138.728,-22.558
31000,152.925,-27.467
31750,142.057,-27.882
31820,152.153,-24.983
31900,147.27,-19.747
31950,139.302,-18.348
32080,145.799,-17.144
32250,141.925,-16.538
32260,145.889,-17.902
32270,148.447,-24.299
32310,145.789,-20.032
32330,151.935,-26.29
32450,140.266,-21.062
32500,142.917,-14.439
32600,141.919,-18.223
32750,139.564,-24.836
32770,138.741,-17.71
32810,145.26,-16.167
33100,143.66,-18.459
33200,144.339,-21.027
33220,152.539,-25.609
33360,151.194,-24.181
33430,153.335,-28.059
33610,150.456,-28.214
33620,152.404,-26.169
33800,146.04,-18.682
33830,145.167,-15.252
33960,152.672,-27.644
33980,148.227,-22.022
34420,141.761,-15.33
34530,150.266,-22.829
34570,143.24,-13.004
34580,152.235,-27.621
34590,153.037,-27.777
34710,143.96,-23.47
34770,148.787,-21.108
34800,141.698,-20.466
34830,141.855,-12.115
34860,148.261,-26.636
34880,143.782,-16.906
35010,152.889,-27.121
35250,139.345,-16.553
35300,138.763,-20.015
35600,146.51,-26.258
35670,142.269,-12.54
35740,152.942,-26.321
35760,151.139,-25.429
35780,142.266,-11.053
35790,146.607,-18.733
35800,145.771,-28.029
36070,141.803,-14.728
36150,143.865,-26.491
36250,153.453,-27.533
36300,142.918,-20.483
36370,150.068,-23.393
36510,152.788,-28.097
36580,152.432,-26.993
36630,151.559,-26.352
36660,151.942,-28.267
36720,152.915,-26.675
36820,145.265,-17.977
36910,151.586,-27.625
36950,142.568,-10.953
36960,142.266,-10.182
37010,146.798,-19.501
37300,141.876,-12.634
37310,150.435,-26.879
37340,147.697,-20.699
37400,142.273,-22.596
37550,149.454,-24.144
37570,145.309,-15.972
37600,145.896,-16.936
40070,138.598,-34.923
40120,138.865,-34.873
40150,138.451,-34.476
40220,138.885,-35.381
40250,131.173,-27.058
40310,139.005,-34.645
40430,137.941,-33.763
40520,140.446,-34.232
40700,138.656,-34.949
40910,138.679,-34.884
41010,133.882,-32.063
41060,138.528,-34.892
41140,138.754,-34.04
41190,136.285,-33.658
41330,134.752,-29.015
41560,137.729,-33.988
41750,135.395,-33.637
41830,138.252,-32.077
41960,136.964,-33.536
42030,138.725,-34.632
42110,139.033,-33.554
42250,140.618,-37.885
42600,138.521,-35.002
42750,137.294,-35.791
43080,140.02,-34.95
43220,136.254,-33.073
43360,140.051,-36.662
43650,138.851,-34.438
43710,135.589,-34.403
43790,140.646,-34.723
44000,130.962,-29.332
44060,138.528,-35.065
44210,139.425,-34.654
44340,138.617,-34.999
44550,138.829,-35.104
44620,140.782,-37.826
44830,138.2,-32.763
45040,139.231,-35.131
45090,140.494,-36.957
45120,138.517,-33.302
45290,138.637,-34.902
45340,138.56,-35.176
45400,138.657,-32.55
45540,139.086,-32.873
45680,138.66,-34.667
45890,138.576,-34.851
46090,137.692,-32.601
46300,135.845,-34.73
46450,138.077,-33.324
46510,138.594,-34.886
46670,140.855,-34.223
46860,139.934,-37.177
46970,136.882,-30.554
47140,138.604,-34.781
47290,140.58,-35.4
47490,134.564,-32.695
47630,140.639,-36.26
47700,138.713,-34.813
47800,139.739,-35.697
47910,135.984,-34.199
47980,138.604,-34.953
48050,138.557,-35.502
48130,138.357,-33.986
48260,138.619,-34.89
48340,140.435,-37.527
48410,138.547,-34.943
48540,137.446,-33.032
48640,135.326,-33.05
48750,138.341,-35.551
48830,137.722,-34.32
49399,136.766,-29.016
50080,118.182,-34.801
50210,116.175,-32.165
50250,116.771,-22.445
50280,115.194,-34.031
50350,115.945,-31.904
50420,115.908,-31.904
50490,115.949,-31.957
50560,116.932,-32.127
50630,116.4,-32.82
50770,116.529,-33.87
50840,116.187,-34.009
50910,116.948,-32.357
50980,122.633,-18.932
51080,117.655,-33.979
51120,118.057,-31.995
51190,115.664,-33.355
51260,115.343,-33.737
51310,115.778,-31.936
51330,115.907,-32.05
51400,115.633,-33.534
51470,115.537,-29.827
51540,114.226,-24.259
51610,114.975,-28.431
51680,116.144,-31.238
51710,105.643,-10.49
51750,115.781,-31.979
51820,115.829,-32.128
51860,96.841,-12.077
51890,116.232,-33.351
51960,120.724,-31.151
52030,115.631,-30.047
52100,117.791,-32.376
52170,115.758,-31.992
52240,117.296,-34.277
52310,117.159,-32.732
52380,118.024,-27.378
52450,117.151,-31.595
52520,116.932,-30.173
52590,115.515,-30.556
52660,115.849,-33.419
52730,117.113,-34.898
52800,124.948,-17.804
52870,115.956,-33.656
52940,117.108,-31.105
53010,117.971,-33.206
53080,124.485,-32.159
53150,115.769,-32.039
53220,123.171,-21.625
53290,122.391,-33.239
53360,113.93,-22.571
53430,115.767,-32.061
53570,115.731,-31.229
53640,118.28,-34.067
53710,116.785,-31.238
53780,115.979,-32.063
53800,115.57,-28.576
53920,127.772,-19.284
53990,115.857,-33.096
54060,115.096,-29.284
54130,119.11,-34.087
54170,115.766,-31.785
54200,116.12,-32.011
54280,125.051,-30.778
54310,116.846,-20.963
54340,117.741,-33.629
54410,117.791,-31.583
54480,118.572,-33.558
54550,117.048,-33.909
54620,119.166,-32.397
54690,117.426,-30.586
54760,118.176,-32.767
54830,115.827,-32.226
54900,119.382,-33.085
54970,125.402,-27.89
55040,121.028,-28.008
55110,115.639,-32.698
55180,116.326,-34.554
55250,118.899,-25.17
55320,115.833,-32.05
55390,123.967,-29.588
55460,118.296,-31.49
55530,115.48,-29.147
55600,116.186,-30.492
55670,116.009,-29.075
55740,115.764,-32.014
55810,117.976,-28.259
55880,117.902,-30.103
55950,118.33,-30.647
56090,116.255,-31.916
56160,116.276,-26.584
56230,115.984,-32.617
56300,115.657,-34.126
56370,118.645,-32.015
56460,117.293,-32.997
56580,115.803,-31.984
56620,126.834,-25.095
56730,116.632,-31.666
56790,114.646,-27.756
56860,118.18,-31.149
56930,115.767,-31.999
57000,116.602,-29.491
57080,115.841,-31.955
57140,117.229,-32.502
57210,117.643,-34.626
57280,118.472,-20.687
57350,117.418,-32.017
57420,120.138,-33.595
57490,115.795,-32.35
57630,119.191,-28.495
57700,116.009,-32.335
57770,114.745,-26.641
57840,115.87,-31.999
57910,115.813,-31.88
57980,115.817,-31.952
58050,116.085,-31.719
58190,117.495,-31.607
58260,115.57,-29.543
58330,116.385,-31.476
58400,117.802,-31.147
58470,116.324,-24.735
58510,115.906,-31.98
58540,116.344,-30.99
58570,115.85,-31.931
58610,117.376,-33.27
58680,116.712,-32.643
58760,115.765,-31.604
58820,115.92,-32.865
58890,116.747,-33.468
59030,118.679,-30.968
59100,117.705,-32.782
59170,116.786,-33.059
59250,122.021,-25.133
59310,116.809,-30.743
59320,117.368,-33.544
59330,117.435,-31.178
59340,126.912,-15.307
59350,116.752,-28.323
59360,119.432,-31.249
59370,116.742,-31.894
60210,148.012,-41.441
60410,147.301,-42.706
60610,145.809,-41.223
60810,146.053,-41.269
61010,146.658,-42.196
61210,145.054,-41.101
61410,147.42,-42.839
61510,146.258,-42.835
61610,146.303,-41.221
61810,147.7,-41.092
62010,148.061,-40.004
62210,147.042,-41.104
62410,147.983,-41.98
62610,147.221,-42.841
62810,147.293,-42.895
63010,146.696,-43.235
63210,146.292,-41.383
63410,143.986,-39.865
63610,147.283,-43.387
63810,146.488,-41.236
64010,147.306,-41.396
64210,146.673,-41.531
64610,147.471,-41.826
64810,147.692,-42.779
65010,147.401,-42.449
65210,147.799,-43.115
65410,145.424,-41.451
65610,145.749,-42.2
65810,146.864,-41.299
70200,133.868,-23.731
70420,135.085,-19.261
70540,130.683,-12.538
70620,130.981,-21.49
70700,131.087,-13.028
71000,130.888,-12.397
71150,130.847,-12.469
71300,135.548,-12.866
72200,132.246,-14.75
72300,131.185,-12.554
72330,132.412,-24.509
72800,130.98,-12.501
73600,134.096,-15.274
74050,131.057,-11.591
74550,130.625,-16.355
74560,130.742,-12.434
74660,133.288,-12.495
74680,130.051,-14.211
79399,131.606,-12.899
89399,148.954,-35.469
99399,150.696,-35.146